1,Progress beats perfection.
2,"Show up, even when you don’t feel like it."
3,Discipline is stronger than motivation.
4,Small steps create big change.
5,Consistency wins over intensity.
6,Your future self is watching.
7,Effort today is strength tomorrow.
8,Comfort is the enemy of growth.
9,Action removes doubt.
10,Don’t quit on a bad day.
11,Start before you feel ready.
12,Done is better than perfect.
13,Movement creates momentum.
14,One rep is better than none.
15,Effort compounds daily.
16,Try again. Then again.
17,Sweat is proof of effort.
18,Hard things build strong people.
19,You don’t fail — you learn.
20,Keep going. That’s the secret.
21,Motivation fades. Discipline stays.
22,Habits shape destiny.
23,Show up for yourself.
24,Do it tired. Do it anyway.
25,Routine builds power.
26,Structure creates success.
27,Discipline is self-respect.
28,One decision can change your day.
29,Self-control is a superpower.
30,Strong habits = strong life.
31,Growth feels uncomfortable.
32,Improvement is invisible at first.
33,Today’s struggle = tomorrow’s strength.
34,Every effort counts.
35,You’re building something real.
36,Results follow persistence.
37,Growth never happens in comfort.
38,Improvement is a daily choice.
39,"Focus on progress, not speed."
40,Your limits are expandable.
41,Confidence comes from action.
42,Trust your process.
43,Believe in your effort.
44,You are capable.
45,Strength grows quietly.
46,Keep promises to yourself.
47,Self-belief is fuel.
48,Effort builds confidence.
49,Discipline builds pride.
50,You’re stronger than excuses.
51,Little daily wins matter.
52,One good day leads to another.
53,Repetition creates mastery.
54,Consistency beats talent.
55,Show up daily.
56,Momentum is built slowly.
57,One day at a time.
58,Streaks build success.
59,Don’t break your chain.
60,Daily action = long-term success.
61,Rest is part of progress.
62,"Calm mind, strong body."
63,Recovery is growth too.
64,Breathe and reset.
65,Strength includes patience.
66,Listen to your body.
67,Balance beats burnout.
68,Wellness is a lifestyle.
69,Pace yourself.
70,Strength and peace can coexist.
71,Push past average.
72,Try one more time.
73,Do what others avoid.
74,Growth lives outside comfort.
75,Hard work pays silently.
76,Challenge creates change.
77,Push limits gently but daily.
78,Effort unlocks ability.
79,Today’s effort is tomorrow’s reward.
80,You’re capable of more.
81,Good days are built.
82,Start with a positive action.
83,Energy follows effort.
84,Progress is success.
85,Be proud of trying.
86,Smile — you showed up.
87,Every step matters.
88,Choose progress today.
89,Positivity fuels performance.
90,Effort is success already.
91,Don’t stop now.
92,Keep climbing.
93,Finish what you start.
94,Patience wins.
95,Stay steady.
96,Success loves persistence.
97,Keep the promise to yourself.
98,You’re getting better daily.
99,Never underestimate consistency.
